<!DOCTYPE hibernate-configuration PUBLIC
        "-//Hibernate/Hibernate Configuration DTD 3.0//EN"
        "http://www.hibernate.org/dtd/hibernate-configuration-3.0.dtd">

<hibernate-configuration>
    <session-factory>
        <property name="dialect">org.hibernate.dialect.MySQL8Dialect</property>
        <property name="connection.driver_class">com.mysql.cj.jdbc.Driver</property>
        <property name="connection.url">jdbc:mysql://localhost:3306/digital_wallet</property>
        <property name="connection.username">root</property>
        <property name="connection.password">12345</property>
        <property name="hibernate.hbm2ddl.auto">update</property>
        <property name="hibernate.show_sql">true</property>
        <property name="hibernate.format_sql">true</property>

        <mapping class="beans.User"/>
        <mapping class="beans.Wallet"/>
        <mapping class="beans.Transactions"/>
        <mapping class="beans.Category"/>
        <mapping class="beans.SpendingLimit"/>
    </session-factory>
</hibernate-configuration>
